CLASIFICACI√ìN DE ASIGNATURAS POR PROGRAMA Y SEMESTRE ‚Äî UNIVERSIDAD LIBRE,,,,,,,,,,,
ASIGNATURA,C√ìDIGO,# Programas,Microbiolog√≠a,Instrumentaci√≥n Quir√∫rgica,Bacteriolog√≠a,Contadur√≠a P√∫blica,Derecho,Fisioterapia,Ingenier√≠a de Sistemas,Adm. Negocios Internacionales,Medicina
Administraci√≥n,CSA-ADMI,1,Sem. 7,,,,,,,,
Administraci√≥n Financiera,CEA-ADFI,2,,,,Sem. 6,,,,Sem. 4,
Administraci√≥n I,CSA-ADM1,1,,Sem. 6,,,,,,,
Administraci√≥n II,CSA-ADM2,1,,Sem. 7,,,,,,,
Administraci√≥n en Salud,CSA-ADSA,1,,,,,,Sem. 5,,,
Administraci√≥n en Salud II,CSA-ADSI,1,,,,,,,,,Sem. 10
Administraci√≥n y Planeaci√≥n en Salud I,CSA-APSI,1,,,,,,,,,Sem. 9
Administraci√≥n y SSS,CSA-ASSS,1,,,Sem. 6,,,,,,
Administrativo Colombiano,DER-ADCO,1,,,,,Sem. 6,,,,
Administrativo General,DER-ADGE,1,,,,,Sem. 5,,,,
An√°lisis F√≠sico-Qu√≠mico,CSA-AFIQ,1,Sem. 4,,,,,,,,
Argumentaci√≥n Jur√≠dica,DER-ARJR,1,,,,,Sem. 6,,,,
Arquitectura Empresarial,ING-AREM,1,,,,,,,Sem. 8,,
Arquitectura de Computadores,ING-ARCO,1,,,,,,,Sem. 3,,
Arquitectura de Informaci√≥n,ING-ARIN,1,,,,,,,Sem. 6,,
Aseguramiento y Fundamentos de Control,CEA-AFCO,1,,,,Sem. 5,,,,,
Auditor√≠a Aplicada,CEA-AUAP,1,,,,Sem. 6,,,,,
Auditor√≠a de Sistemas,CEA-AUSI,1,,,,Sem. 8,,,,,
Bacteriolog√≠a Cl√≠nica,CSA-BACL,1,,,Sem. 6,,,,,,
Bienes,DER-BIEN,1,,,,,Sem. 3,,,,
Bioestad√≠stica,CSA-BIES,2,,,Sem. 2,,,Sem. 3,,,
Bioestad√≠stica e Inform√°tica,CSA-BEIN,1,,Sem. 2,,,,,,,
Biof√≠sica,CSA-BIOF,4,,Sem. 1,Sem. 1,,,Sem. 1,,,Sem. 1
Bioinform√°tica,CSA-BINF,1,Sem. 4,,,,,,,,
Biolog√≠a,CSA-BIO,3,Sem. 1,,Sem. 1,,,,,,Sem. 1
Biolog√≠a Molecular,CSA-BIMO,3,Sem. 3,,Sem. 5,,,,,,Sem. 3
Biolog√≠a de Microorganismos,CSA-BIMI,1,Sem. 3,,,,,,,,
Biolog√≠a de los Microorganismos,CSA-BLMI,1,,,Sem. 3,,,,,,
Biolog√≠a e Histolog√≠a,CSA-BIHI,2,,Sem. 1,,,,Sem. 1,,,
Biomec√°nica,CSA-BIOM,1,,,,,,Sem. 2,,,
Bioqu√≠mica,CSA-BIOQ,5,Sem. 2,Sem. 2,Sem. 2,,,Sem. 2,,,Sem. 2
Bioqu√≠mica Microbiana,CSA-BQMI,1,Sem. 3,,,,,,,,
Biotecnolog√≠a,CSA-BIOT,2,Sem. 6,,Sem. 7,,,,,,
Biotecnolog√≠a de la Salud,CSA-BISA,1,,,Sem. 7,,,,,,
Bio√©tica,CSA-BIET,2,Sem. 2,,,,,,,,Sem. 6
Calidad Microbiol√≥gica y Sanitaria,CSA-CAMS,1,,,Sem. 5,,,,,,
Calidad en Servicios de Salud,CSA-CASS,1,,Sem. 5,,,,,,,
Ciclo B√°sico Contable,CEA-CBCO,1,,,,Sem. 1,,,,,
Ciclo de Egresos y Adm. de Inventarios,CEA-CEAI,1,,,,Sem. 3,,,,,
Ciclo de Estados Financieros,CEA-CEFI,1,,,,Sem. 5,,,,,
Ciclo de Ingresos,CEA-CIIN,1,,,,Sem. 2,,,,,
Ciclo de Inversiones y Financiaci√≥n,CEA-CIIF,1,,,,Sem. 4,,,,,
Ciencia Pol√≠tica,DER-CIPL,1,,,,,Sem. 2,,,,
Cinesiopatolog√≠a,CSA-CIPA,1,,,,,,Sem. 3,,,
Cirug√≠a,CSA-CIRU,1,,,,,,,,,Sem. XI-XII
Cirug√≠a General,CSA-CIRG,1,,,,,,,,,Sem. 8
Civil General y Personas,DER-CGPE,1,,,,,Sem. 2,,,,
Comercio y Negocios Globales,CEA-CONG,2,,,,Sem. 6,,,,Sem. 5,
Competencias Comunicativas I,CSA-CCI1,1,,Sem. 1,,,,,,,
Competencias Comunicativas II,CSA-CCI2,1,,Sem. 2,,,,,,,
Competencias de Aprendizaje y Comunicaci√≥n,ING-CPAC,1,,,,,,,Sem. 1,,
Constitucional Colombiano,DER-COCO,1,,,,,Sem. 3,,,,
Constituci√≥n Nacional,CSA-CONA,1,,Sem. 4,,,,,,,
Constituci√≥n Pol√≠tica,CSA-CPOL,6,Sem. 2,Sem. 4,Sem. 2,,,Sem. 4,Sem. 4,,Sem. 7
Consultorio Jur√≠dico I,DER-CJU1,1,,,,,Sem. 7,,,,
Consultorio Jur√≠dico II,DER-CJU2,1,,,,,Sem. 8,,,,
Consultorio Jur√≠dico III,DER-CJU3,1,,,,,Sem. 9,,,,
Consultorio Jur√≠dico IV,DER-CJU4,1,,,,,Sem. 10,,,,
Contabilidad Ambiental,CEA-COAM,1,,,,Sem. 4,,,,,
Contabilidad Financiera,CEA-COFI,1,,,,,,,,Sem. 2,
Contabilidad y Finanzas P√∫blicas,CEA-COFP,1,,,,Sem. 7,,,,,
Contratos,DER-CONT,1,,,,,Sem. 7,,,,
Control de Infecciones y Promoci√≥n de la Salud,CSA-CIPS,1,,Sem. 3,,,,,,,
Control y Aprendizaje Motor,CSA-CAPM,1,,,,,,Sem. 4,,,
Correlaci√≥n Cl√≠nica,CSA-COCL,1,,,Sem. 7,,,,,,
Costos Gerenciales,CEA-COGE,1,,,,Sem. 5,,,,,
Coyuntura Econ√≥mica Internacional,CEA-COEI,1,,,,,,,,Sem. 4,
Coyuntura Econ√≥mica Nacional,CEA-COEN,2,,,,Sem. 3,,,,Sem. 3,
Criminal√≠stica y Ciencias Forenses,DER-CRCF,1,,,,,Sem. 8,,,,
Criminolog√≠a y Pol√≠tica Criminal,DER-CRPC,1,,,,,Sem. 7,,,,
Cuidados B√°sicos en Salud,CSA-CUBS,1,,Sem. 3,,,,,,,
C√°lculo,CEA-CALC,2,Sem. 2,,,,,,,Sem. 2,
C√°lculo Diferencial,ING-CALD,1,,,,,,,Sem. 1,,
C√°lculo I,CEA-CAL1,1,,,,Sem. 2,,,,,
C√°lculo Integral,ING-CALI,1,,,,,,,Sem. 2,,
C√°lculo Multivariado y Vectorial,ING-CMVC,1,,,,,,,Sem. 3,,
C√°tedra Unilibrista,CSA-CATU,9,Sem. 1,Sem. 1,Sem. 1,Sem. 1,Sem. 1,Sem. 1,Sem. 1,Sem. 1,Sem. 1
C√°tedra de Sostenibilidad,ING-CASO,1,,,,,,,Sem. 4,,
Derecho Ambiental,DER-DEAM,1,,,,,Sem. 10,,,,
Derecho Comercial,CEA-DECO,2,,,,Sem. 2,,,,Sem. 2,
Derecho Comercial General,DER-DCGE,1,,,,,Sem. 6,,,,
Derecho Comercial Internacional,CEA-DCIN,1,,,,,,,,Sem. 5,
Derecho Internacional Privado,DER-DIPR,1,,,,,Sem. 5,,,,
Derecho Internacional P√∫blico,DER-DIPU,1,,,,,Sem. 4,,,,
Derecho Laboral y Seguridad Social,CEA-DLSS,2,,,,Sem. 3,,,,Sem. 3,
Derecho Romano,DER-DERO,1,,,,,Sem. 1,,,,
Derechos Humanos y DIH,DER-DHDH,1,,,,,Sem. 2,,,,
Desarrollo e Innovaci√≥n de las Organizaciones,CEA-DINO,1,,,,,,,,Sem. 5,
Direcci√≥n y Liderazgo,CEA-DILI,1,,,,,,,,Sem. 3,
Discapacidad,CSA-DISC,1,,,,,,Sem. 4,,,
Dise√±o Experimental,CSA-DIEX,1,Sem. 5,,,,,,,,
Dise√±o en Ingenier√≠a,ING-DSIN,1,,,,,,,Sem. 3,,
Ecolog√≠a Microbiana,CSA-ECMI,1,Sem. 5,,,,,,,,
Econom√≠a Colombiana,DER-ECCO,1,,,,,Sem. 2,,,,
Econom√≠a de Empresa,CEA-ECEM,2,,,,Sem. 2,,,,Sem. 2,
Ecuaciones Diferenciales,ING-ECDI,1,,,,,,,Sem. 4,,
Electiva Complementaria (Medicina),CSA-ELCM,1,,,,,,,,,Sem. 2
Electiva Complementaria I,CSA-ELC1,3,,Sem. 3,Sem. 2,,,Sem. 2,,,
Electiva Complementaria II,CSA-ELC2,2,,,Sem. 3,,,Sem. 4,,,
Electiva Complementaria III,CSA-ELC3,2,,,Sem. 4,,,Sem. 6,,,
Electiva Complementaria IV,CSA-ELC4,1,,,,,,Sem. 8,,,
Electiva I,CEA-ELE1,4,Sem. 1,,,Sem. 1,,,Sem. 2,Sem. 6,
Electiva II,CEA-ELE2,5,Sem. 3,,,Sem. 5,Sem. 3,,Sem. 4,Sem. 7,
Electiva III,CEA-ELE3,5,Sem. 7,,,Sem. 8,Sem. 4,,Sem. 6,Sem. 8,
Electiva IV,DER-ELE4,1,,,,,Sem. 4,,,,
Electiva Profesional I,CSA-EPR1,1,,,,,,,,,Sem. 8
Electiva Profesional II,CSA-EPR2,1,,,,,,,,,Sem. 9
Electiva Profesional III,CSA-EPR3,1,,,,,,,,,Sem. XI-XII
Electiva V,DER-ELE5,1,,,,,Sem. 5,,,,
Electiva de Profundizaci√≥n I,CSA-EPI1,2,,Sem. 6,,,,Sem. 6,,,
Electiva de Profundizaci√≥n II,CSA-EPI2,2,,Sem. 7,,,,Sem. 7,,,
Electiva de Profundizaci√≥n III,CSA-EPI3,1,,,,,,Sem. 8,,,
"Electricidad, Magnetismo y Laboratorio",ING-EMLA,1,,,,,,,Sem. 2,,
Electr√≥nica Digital,ING-ELDI,1,,,,,,,Sem. 2,,
Emprendimiento e Innovaci√≥n,CEA-EMPI,2,,,,Sem. 3,,,,Sem. 1,
Empresarismo y Emprendimiento,CSA-EMPE,1,Sem. 4,,,,,,,,
Epidemiolog√≠a,CSA-EPID,1,,,,,,Sem. 4,,,
Epidemiolog√≠a B√°sica,CSA-EPBA,1,,,,,,,,,Sem. 4
Epidemiolog√≠a Cl√≠nica,CSA-EPCL,1,,,,,,,,,Sem. 7
Epistemolog√≠a de las Ciencias,CSA-EPCI,1,,,,,,Sem. 5,,,
Epistemolog√≠a y Metodolog√≠a de la Investigaci√≥n,CEA-EPMI,2,,,,Sem. 2,,,,Sem. 2,
Especialidades Quir√∫rgicas,CSA-ESQU,1,,,,,,,,,Sem. 8
Estad√≠stica,CSA-ESTA,1,Sem. 3,,,,,,,,
Estad√≠stica Descriptiva,CEA-ESDE,2,,,,Sem. 3,,,,Sem. 3,
Estad√≠stica Inferencial,CEA-ESIN,2,,,,Sem. 4,,,,Sem. 4,
Estructuras de Datos,ING-ESDA,1,,,,,,,Sem. 3,,
Evaluaci√≥n y Diagn√≥stico,CSA-EVDI,1,,,,,,Sem. 3,,,
Expresi√≥n Oral y Escrita,CSA-EXOE,3,Sem. 1,,Sem. 1,,,,,,Sem. 1
Expresi√≥n Verbal y Escrita,CEA-EXVE,2,,,,Sem. 1,,,,Sem. 1,
Extramural,CSA-EXTR,1,,,,,,,,,Sem. XI-XII
"Familia, Infancia y Adolescencia",DER-FIAD,1,,,,,Sem. 7,,,,
Farmacolog√≠a Aplicada y Toxicolog√≠a Cl√≠nica,CSA-FATC,1,,,,,,,,,Sem. 6
Farmacolog√≠a en Fisioterapia,CSA-FAFI,1,,,,,,Sem. 4,,,
Farmacolog√≠a y Anestesia,CSA-FRAN,1,,Sem. 3,,,,,,,
Farmacolog√≠a y Toxicolog√≠a,CSA-FTOX,1,,,Sem. 7,,,,,,
Farmacolog√≠a y Toxicolog√≠a B√°sica,CSA-FTBA,1,,,,,,,,,Sem. 5
Filosof√≠a del Derecho,DER-FIDE,1,,,,,Sem. 7,,,,
Finanzas Corporativas,CEA-FICO,2,,,,Sem. 7,,,,Sem. 5,
Finanzas Internacionales,CEA-FIIN,1,,,,,,,,Sem. 6,
Finanzas P√∫blicas,DER-FIPU,1,,,,,Sem. 10,,,,
Fisiolog√≠a,CSA-FISIO,1,,,,,,,,,Sem. 4
Fisiolog√≠a del Ejercicio,CSA-FIEJ,1,,,,,,Sem. 2,,,
Fisiopatolog√≠a Animal,CSA-FPAN,1,Sem. 3,,,,,,,,
Fisiopatolog√≠a Humana,CSA-FPHY,1,Sem. 2,,,,,,,,
Fisiopatolog√≠a Vegetal,CSA-FPVE,1,Sem. 4,,,,,,,,
Formulaci√≥n y Evaluaci√≥n de Proyectos,ING-FEPR,1,,,,,,,Sem. 6,,
Formulaci√≥n y Gesti√≥n de Proyectos,CEA-FGPR,2,,,,Sem. 7,,,,Sem. 6,
Fundamentos de Administraci√≥n,CEA-FDAD,2,,,,Sem. 2,,,,Sem. 1,
Fundamentos de Bases de Datos,ING-FBDA,1,,,,,,,Sem. 4,,
Fundamentos de Econom√≠a,CEA-FDEC,3,,,,Sem. 1,,,Sem. 5,Sem. 1,
Fundamentos de Matem√°ticas,CEA-FDMA,2,,,,Sem. 1,,,,Sem. 1,
Fundamentos de Mercadeo,CEA-FDME,2,,,,Sem. 4,,,,Sem. 4,
Fundamentos de Negocios Internacionales,CEA-FDNI,1,,,,,,,,Sem. 1,
Fundamentos de Programaci√≥n,ING-FDPR,1,,,,,,,Sem. 2,,
Fundamentos de Psicolog√≠a,CSA-FDPS,1,,Sem. 2,,,,,,,
Fundamentos en An√°lisis y Redacci√≥n de Texto,CSA-FART,1,,,,,,Sem. 1,,,
Fundamentos y Normatividad Tributaria,CEA-FDNT,1,,,,Sem. 5,,,,,
F√≠sica,CSA-FIS,1,Sem. 1,,,,,,,,
F√≠sica Mec√°nica,ING-FIME,1,,,,,,,Sem. 1,,
Gen√©tica,CSA-GEN,2,Sem. 2,,Sem. 3,,,,,,
Gen√©tica Cl√≠nica,CSA-GECL,1,,,,,,,,,Sem. 6
Geopol√≠tica,CEA-GEOP,1,,,,,,,,Sem. 4,
Gerencia Estrat√©gica,ING-GERE,1,,,,,,,Sem. 8,,
Gerencia Estrat√©gica Organizacional,CEA-GEOR,1,,,,Sem. 4,,,,,
Gerencia de Comercio Exterior,CEA-GCEX,1,,,,,,,,Sem. 7,
Gesti√≥n de Exportaciones,CEA-GEXP,1,,,,,,,,Sem. 7,
Gesti√≥n de Importaciones,CEA-GIMP,1,,,,,,,,Sem. 6,
Gesti√≥n de Proyectos de Ingenier√≠a,ING-GPIN,1,,,,,,,Sem. 7,,
Gesti√≥n de la Planeaci√≥n y Organizaci√≥n,CEA-GPOR,1,,,,,,,,Sem. 2,
Gesti√≥n del Talento Humano,CEA-GTHA,1,,,,,,,,Sem. 4,
Gesti√≥n del Transporte Internacional,CEA-GTIN,1,,,,,,,,Sem. 6,
Gineco-Obstetricia,CSA-GIOB,1,,,,,,,,,Sem. 10
Gineco-Obstetricia INT.,CSA-GIOB2,1,,,,,,,,,Sem. XI-XII
Globalizaci√≥n,CEA-GLOB,1,,,,,,,,Sem. 8,
Habilidades Comunicativas,DER-HACO,1,,,,,Sem. 1,,,,
Hematolog√≠a,CSA-HEMA,1,,,Sem. 4,,,,,,
Hematolog√≠a Cl√≠nica,CSA-HECL,1,,,Sem. 5,,,,,,
Hermen√©utica Jur√≠dica,DER-HEJR,1,,,,,Sem. 5,,,,
Historia de la Ciencia,CSA-HCIE,1,Sem. 1,,,,,,,,
Historia de la Filosof√≠a,DER-HIFL,1,,,,,Sem. 1,,,,
Impuesto Sobre la Renta,CEA-IMRE,1,,,,Sem. 6,,,,,
Impuesto a las Ventas y Retenci√≥n,CEA-IVYR,1,,,,Sem. 7,,,,,
Impuestos Territoriales y Proc. Tributario,CEA-ITPT,1,,,,Sem. 8,,,,,
Ingenier√≠a Aplicada,ING-INAP,1,,,,,,,Sem. 8,,
Ingenier√≠a de Software I,ING-ISW1,1,,,,,,,Sem. 3,,
Ingenier√≠a de Software II,ING-ISW2,1,,,,,,,Sem. 4,,
Ingenier√≠a de Software III,ING-ISW3,1,,,,,,,Sem. 5,,
Inmunohematolog√≠a y Banco de Sangre,CSA-IMBS,1,,,Sem. 6,,,,,,
Inmunolog√≠a,CSA-INMU,2,Sem. 4,,,,,,,,Sem. 4
Inmunolog√≠a B√°sica,CSA-IMBA,1,,,Sem. 4,,,,,,
Inmunolog√≠a Cl√≠nica,CSA-IMCL,1,,,Sem. 5,,,,,,
Innovaci√≥n y Tecnolog√≠a,CSA-INTE,1,,Sem. 5,,,,,,,
Inteligencia Artificial,ING-INAR,1,,,,,,,Sem. 7,,
International Agreement,CEA-INTA,1,,,,,,,,Sem. 7,
International Marketing,CEA-INTM,1,,,,,,,,Sem. 7,
Intervenci√≥n en Fisioterapia I,CSA-IFI1,1,,,,,,Sem. 3,,,
Intervenci√≥n en Fisioterapia II,CSA-IFI2,1,,,,,,Sem. 4,,,
Intervenci√≥n en Fisioterapia III,CSA-IFI3,1,,,,,,Sem. 5,,,
Introducci√≥n a la Fisioterapia,CSA-INFI,1,,,,,,Sem. 1,,,
Introducci√≥n a la Ingenier√≠a,ING-INGE,1,,,,,,,Sem. 1,,
Introducci√≥n a la Instrumentaci√≥n,CSA-ININ,1,,Sem. 1,,,,,,,
Introducci√≥n a las Tecnolog√≠as √ìmicas,CSA-INTO,1,,,Sem. 6,,,,,,
Introducci√≥n al Derecho,DER-INDE,1,,,,,Sem. 1,,,,
Investigaci√≥n Cl√≠nica Epidemiol√≥gica,CSA-ICEP,1,,Sem. 3,,,,,,,
Investigaci√≥n I,DER-INI1,1,,,,,Sem. 3,,,,
Investigaci√≥n II,DER-INI2,1,,,,,Sem. 4,,,,
Investigaci√≥n III,DER-INI3,1,,,,,Sem. 5,,,,
Investigaci√≥n IV,DER-INI4,1,,,,,Sem. 6,,,,
Investigaci√≥n de Mercados,CEA-INME,1,,,,,,,,Sem. 6,
Investigaci√≥n de Operaciones,CEA-INOP,2,,,,Sem. 5,,,,Sem. 5,
Jurisprudencia Constitucional,DER-JUCO,1,,,,,Sem. 9,,,,
Laboral Administrativo,DER-LAAD,1,,,,,Sem. 8,,,,
Laboral Colectivo,DER-LACO,1,,,,,Sem. 6,,,,
Laboral Individual y Prestacional,DER-LAIP,1,,,,,Sem. 4,,,,
Legislaci√≥n Aduanera,CEA-LEAD,1,,,,,,,,Sem. 4,
Log√≠stica y Distribuci√≥n F√≠sica Internacional,CEA-LDFI,1,,,,,,,,Sem. 5,
L√≥gica Jur√≠dica,DER-LGJU,1,,,,,Sem. 3,,,,
L√≥gica Matem√°tica,CSA-LGMA,2,,,Sem. 1,,,Sem. 1,,,
L√≥gica Matem√°ticas,ING-LGMA2,1,,,,,,,Sem. 1,,
L√≥gica y Algoritmos,ING-LGAL,1,,,,,,,Sem. 1,,
Matem√°ticas,CSA-MAT,1,Sem. 1,,,,,,,,
Matem√°ticas Discretas,ING-MADE,1,,,,,,,Sem. 5,,
Matem√°ticas Financieras,CEA-MAFI,2,,,,Sem. 3,,,,Sem. 3,
Medicina Interna,CSA-MEIN,1,,,,,,,,,Sem. 7
Medicina Interna INT.,CSA-MEIN2,1,,,,,,,,,Sem. XI-XII
Medicina Legal,CSA-MELE,1,,,,,,,,,Sem. 10
Mercado de Capitales,CEA-MECA,1,,,,,,,,Sem. 8,
Metodolog√≠a de la Investigaci√≥n,CSA-METI,6,Sem. 2,Sem. 4,Sem. 4,,,Sem. 2,Sem. 7,,Sem. 2
Micolog√≠a Cl√≠nica,CSA-MICL,1,,,Sem. 7,,,,,,
Microbiolog√≠a,CSA-MICR,4,Sem. 4,Sem. 2,Sem. 4,,,,,,Sem. 5
Microbiolog√≠a Ambiental,CSA-MIAM,1,Sem. 5,,,,,,,,
Microbiolog√≠a General,CSA-MIGE,1,,,Sem. 4,,,,,,
Microbiolog√≠a Industrial,CSA-MIIN,1,Sem. 5,,,,,,,,
Microbiolog√≠a Predictiva,CSA-MIPR,1,Sem. 7,,,,,,,,
Microbiolog√≠a de Alimentos y Medicamentos,CSA-MIAM2,1,Sem. 6,,,,,,,,
Microbiolog√≠a de Suelos,CSA-MISU,1,Sem. 6,,,,,,,,
Modalidades F√≠sicas,CSA-MOFI,1,,,,,,Sem. 4,,,
Modelos de Investigaci√≥n,CEA-MOIN,2,,,,Sem. 4,,,,Sem. 5,
Morfofisiolog√≠a I,CSA-MFI1,2,,Sem. 1,,,,Sem. 1,,,
Morfofisiolog√≠a II,CSA-MFI2,3,,Sem. 2,Sem. 2,,,Sem. 2,,,
Morfolog√≠a I,CSA-MOR1,1,,,,,,,,,Sem. 2
Morfolog√≠a II,CSA-MOR2,1,,,,,,,,,Sem. 3
Neurociencia del Movimiento,CSA-NEMO,1,,,,,,Sem. 3,,,
Obligaciones,DER-OBLI,1,,,,,Sem. 5,,,,
Ocupaci√≥n y Movimiento Corporal,CSA-OCMC,1,,,,,,Sem. 5,,,
Optativa I,CEA-OPT1,6,Sem. 6,,Sem. 5,Sem. 6,Sem. 9,,Sem. 6,Sem. 6,
Optativa II,CEA-OPT2,6,Sem. 7,,Sem. 6,Sem. 7,Sem. 9,,Sem. 7,Sem. 7,
Optativa III,CEA-OPT3,6,Sem. 7,,Sem. 7,Sem. 8,Sem. 10,,Sem. 8,Sem. 8,
Optativa IV,DER-OPT4,1,,,,,Sem. 10,,,,
Optativa V,DER-OPT5,1,,,,,Sem. 10,,,,
Optativa de √ânfasis I,CEA-OEF1,1,,,,,,,,"Sem. 6, 7",
Optativa de √ânfasis III,CEA-OEF3,1,,,,,,,,Sem. 8,
Parasitolog√≠a Cl√≠nica,CSA-PACL,1,,,Sem. 5,,,,,,
Patolog√≠a,CSA-PATO,2,,Sem. 3,,,,Sem. 2,,,
Pediatr√≠a,CSA-PEDI,1,,,,,,,,,Sem. 9
Pensamiento Sist√©mico,ING-PESI,1,,,,,,,Sem. 2,,
Prescripci√≥n del Ejercicio,CSA-PREJ,1,,,,,,Sem. 3,,,
Presupuestos Empresariales,CEA-PREM,2,,,,Sem. 6,,,,Sem. 3,
Principios de Derecho y Constituci√≥n,CEA-PDCO,2,,,,Sem. 1,,,,Sem. 1,
Probabilidad y Estad√≠stica Descriptiva,ING-PRED,1,,,,,,,Sem. 3,,
Probatorio,DER-PROB,1,,,,,Sem. 7,,,,
Procesal Administrativo I,DER-PAD1,1,,,,,Sem. 8,,,,
Procesal Administrativo II,DER-PAD2,1,,,,,Sem. 9,,,,
Procesal Civil Especial y de Familia,DER-PCEF,1,,,,,Sem. 8,,,,
Procesal Civil General,DER-PCGE,1,,,,,Sem. 6,,,,
Procesal Laboral,DER-PLAB,1,,,,,Sem. 8,,,,
Procesal Penal I,DER-PPE1,1,,,,,Sem. 5,,,,
Procesal Penal II,DER-PPE2,1,,,,,Sem. 6,,,,
Procesos As√©pticos I,CSA-PAS1,1,,Sem. 3,,,,,,,
Procesos As√©pticos II,CSA-PAS2,1,,Sem. 4,,,,,,,
Procesos Industriales,CSA-PRIN2,1,Sem. 7,,,,,,,,
Procesos Quir√∫rgicos en Cardiovascular,CSA-PQCV,1,,Sem. 7,,,,,,,
Procesos Quir√∫rgicos en Cirug√≠a General y Pediatr√≠a,CSA-PQGP,1,,Sem. 4,,,,,,,
Procesos Quir√∫rgicos en Cirug√≠a Maxilofacial,CSA-PQCM,1,,Sem. 6,,,,,,,
Procesos Quir√∫rgicos en Cirug√≠a Pl√°stica,CSA-PQCP,1,,Sem. 6,,,,,,,
Procesos Quir√∫rgicos en Gineco-Obstetricia,CSA-PQGO,1,,Sem. 4,,,,,,,
Procesos Quir√∫rgicos en Neurocirug√≠a,CSA-PQNE,1,,Sem. 5,,,,,,,
Procesos Quir√∫rgicos en Oftalmolog√≠a,CSA-PQOF,1,,Sem. 6,,,,,,,
Procesos Quir√∫rgicos en Ortopedia,CSA-PQOR,1,,Sem. 5,,,,,,,
Procesos Quir√∫rgicos en Otorrinolaringolog√≠a,CSA-PQOT,1,,Sem. 7,,,,,,,
Procesos Quir√∫rgicos en Urolog√≠a,CSA-PQUR,1,,Sem. 4,,,,,,,
Programaci√≥n I,ING-PRG1,1,,,,,,,Sem. 4,,
Programaci√≥n II,ING-PRG2,1,,,,,,,Sem. 5,,
Programaci√≥n Lineal,ING-PRLI,1,,,,,,,Sem. 6,,
Programaci√≥n M√≥vil,ING-PRMO,1,,,,,,,Sem. 7,,
Programaci√≥n Web,ING-PRWE,1,,,,,,,Sem. 6,,
Proyecci√≥n a la Comunidad,CSA-PRCO,1,,,Sem. 6,,,,,,
Proyecto de Investigaci√≥n,CSA-PRIN,4,Sem. 5,,,,,Sem. 6,,Sem. 7,Sem. 9
Proyecto de Investigaci√≥n (Bacteriolog√≠a),CSA-PRIB,1,,,Sem. 7,,,,,,
Proyecto de Investigaci√≥n II,CSA-PRI2,1,,,,,,Sem. 7,,,
Proyecto de Investigaci√≥n III,CSA-PRI3,1,,,,,,Sem. 8,,,
Pr√°ctica Cl√≠nica,CSA-PRCL,1,,,Sem. 9,,,,,,
Pr√°ctica Cl√≠nica B√°sica,CSA-PRCB,1,,,Sem. 8,,,,,,
Pr√°ctica Empresarial,ING-PREM2,1,,,,,,,Sem. 8,,
Pr√°ctica Hospitalaria I,CSA-PRH1,1,,Sem. 5,,,,,,,
Pr√°ctica Hospitalaria II,CSA-PRH2,1,,Sem. 6,,,,,,,
Pr√°ctica Hospitalaria III,CSA-PRH3,1,,Sem. 7,,,,,,,
Pr√°ctica Hospitalaria IV,CSA-PRH4,1,,Sem. 8,,,,,,,
Pr√°ctica de Administraci√≥n,CSA-PRAD,1,,Sem. 8,,,,,,,
Pr√°cticas Formativas,CSA-PRFO,1,,,,,,"Sem. 6, 7",,,
Pr√°cticas Optativas,CSA-PROP,1,,,,,,Sem. 8,,,
Pr√°cticas Profesionales,CSA-PRPR,1,Sem. 8,,,,,,,,
Psicolog√≠a Evolutiva,CSA-PSEV,1,,,,,,Sem. 2,,,
Psicolog√≠a de la Salud,CSA-PSSA,1,,,,,,Sem. 3,,,
Psicolog√≠a del Desarrollo,CSA-PSDE,1,,,,,,,,,Sem. 3
Psicopatolog√≠a,CSA-PSCP,1,,,,,,,,,Sem. 6
Psiquiatr√≠a,CSA-PSIQ,1,,,,,,,,,Sem. 7
Qu√≠mica,CSA-QUIM,4,Sem. 1,Sem. 1,Sem. 1,,,,,,Sem. 1
Qu√≠mica Cl√≠nica,CSA-QUCL,1,,,Sem. 4,,,,,,
Qu√≠mica Especial,CSA-QUES,1,,,Sem. 5,,,,,,
Redes de Computadores,ING-RECO,1,,,,,,,Sem. 6,,
Responsabilidad Civil,DER-RECI,1,,,,,Sem. 10,,,,
Revisor√≠a Fiscal,CEA-REFI,1,,,,Sem. 7,,,,,
R√©gimen Cambiario y Aduanero,CEA-RCYA,1,,,,,,,,Sem. 8,
Salud Familiar I,CSA-SAF1,1,,,,,,,,,Sem. 3
Salud Familiar II,CSA-SAF2,1,,,,,,,,,Sem. 4
Salud P√∫blica,CSA-SAPU,4,Sem. 6,Sem. 6,,,,Sem. 5,,,Sem. 5
Salud P√∫blica (Pr√°ctica Comunitaria),CSA-SAPC,1,,Sem. 8,,,,,,,
Salud P√∫blica I,CSA-SAP1,1,,,Sem. 3,,,,,,
Salud P√∫blica II,CSA-SAP2,1,,,Sem. 4,,,,,,
Salud y Ambiente,CSA-SAMY,1,,,Sem. 3,,,,,,
Salud y Comunidad,CSA-SAYU,1,,,,,,Sem. 1,,,
Salud y Seguridad en el Trabajo,CSA-SSET,1,,Sem. 4,,,,,,,
Seguridad Social,DER-SESO,1,,,,,Sem. 8,,,,
Seguridad de la Informaci√≥n,ING-SEIN,1,,,,,,,Sem. 7,,
Seguridad y Salud en el Trabajo,CSA-SSTR,1,,,,,,,,,Sem. 8
Seminario de Negociaci√≥n y Concertaci√≥n,CEA-SENE,1,,,,,,,,Sem. 7,
Semiolog√≠a,CSA-SEMI,1,,,,,,,,,Sem. 6
Simulaci√≥n Gerencial,CEA-SIGE,2,,,,Sem. 8,,,,Sem. 8,
Sistemas Integrados de Gesti√≥n,ING-SIGE2,1,,,,,,,Sem. 8,,
Sistemas Operativos,ING-SIOP,1,,,,,,,Sem. 5,,
Sistemas de Bases de Datos,ING-SBDA,1,,,,,,,Sem. 5,,
Sistemas de Calidad,CSA-SICA,1,,,Sem. 2,,,,,,
Sistemas de Costeo,CEA-SICO,2,,,,Sem. 4,,,,Sem. 3,
"Sociedad, Sector Salud y Comunidad",CSA-SSSC,1,,Sem. 1,,,,,,,
Socioantropolog√≠a,CSA-SCAN,3,,Sem. 3,,,,Sem. 1,,,Sem. 1
Sociolog√≠a General y Jur√≠dica,DER-SGJU,1,,,,,Sem. 2,,,,
Soluci√≥n Alternativa de Conflictos,DER-SACO,1,,,,,Sem. 4,,,,
Sucesiones,DER-SUCE,1,,,,,Sem. 9,,,,
Teor√≠a Econ√≥mica,DER-TEEC,1,,,,,Sem. 1,,,,
Teor√≠a General del Proceso,DER-TGPR,1,,,,,Sem. 4,,,,
Teor√≠a de la Constituci√≥n,DER-TECO2,1,,,,,Sem. 2,,,,
Teor√≠a del Delito,DER-TEDE,1,,,,,Sem. 3,,,,
Teor√≠a del Estado,DER-TEES,1,,,,,Sem. 1,,,,
Teor√≠as Contables,CEA-TECO,1,,,,Sem. 3,,,,,
Toxicolog√≠a,CSA-TOXC,1,Sem. 5,,,,,,,,
Trabajo de Grado,CSA-TRGR,1,,,,,,,,,Sem. 10
Trabajo de Investigaci√≥n,CSA-TRIN,2,Sem. 6,,Sem. 8,,,,,,
Tutela Penal de los Bienes Jur√≠dicos I,DER-TPB1,1,,,,,Sem. 4,,,,
Tutela Penal de los Bienes Jur√≠dicos II,DER-TPB2,1,,,,,Sem. 5,,,,
T√≠tulos Valores,DER-TVAL,1,,,,,Sem. 7,,,,
Urgencia Adulto,CSA-URAD,1,,,,,,,,,Sem. XI-XII
Virolog√≠a Cl√≠nica,CSA-VICL,1,,,Sem. 6,,,,,,
√Ålgebra Lineal,ING-ALGE,1,,,,,,,Sem. 2,,
√âtica General y Deontolog√≠a IQ,CSA-EGDI,1,,Sem. 2,,,,,,,
√âtica I,DER-ETI1,1,,,,,Sem. 2,,,,
√âtica II,DER-ETI2,1,,,,,Sem. 10,,,,
√âtica M√©dica,CSA-ETME,1,,,,,,,,,Sem. 5
√âtica Profesional,ING-ETPR,2,,,,Sem. 8,,,Sem. 7,,
√âtica Profesional y Responsabilidad Social,CEA-EPRS,1,,,,,,,,Sem. 8,
√âtica y Bio√©tica,CSA-ETBI,2,,,Sem. 2,,,Sem. 5,,,
,,,,,,,,,,,
üü° Asignatura compartida entre 2 o m√°s programas    ‚¨ú Asignatura exclusiva de un programa,,,,,,,,,,,
